Name,Email,Password,Birthday
Okto,"abc@gmail.com
",rahasia,1992-10-05T00:00:00Z
Okto,"abc@gmail.com
",rahasia,1992-10-05T00:00:00Z
Okto,"abc@gmail.com
",rahasia,1992-10-05T00:00:00Z
Okto,"abc@gmail.com
",rahasia,1992-10-05T00:00:00Z
Okto,"abc@gmail.com
",rahasia,1992-10-05T00:00:00Z
Okto,"abc@gmail.com
",rahasia,1992-10-05T00:00:00Z
Okto,"abc@gmail.com
",rahasia,1992-10-05T00:00:00Z
Okto,"abc@gmail.com
",rahasia,1992-10-05T00:00:00Z
Okto,"abc@gmail.com
",rahasia,1992-10-05T00:00:00Z
Okto,"abc@gmail.com
",rahasia,1992-10-05T00:00:00Z
Okto,"abc@gmail.com
",rahasia,1992-10-05T00:00:00Z
Okto,"abc@gmail.com
",rahasia,1992-10-05T00:00:00Z
Okto,"abc@gmail.com
",rahasia,1992-10-05T00:00:00Z
Okto,"abc@gmail.com
",rahasia,1992-10-05T00:00:00Z
Okto,"abc@gmail.com
",rahasia,1992-10-05T00:00:00Z
Okto,"abc@gmail.com
",rahasia,1992-10-05T00:00:00Z
Okto,"abc@gmail.com
",rahasia,1992-10-05T00:00:00Z
Okto,"abc@gmail.com
",rahasia,1992-10-05T00:00:00Z
Okto,"abc@gmail.com
",rahasia,1992-10-05T00:00:00Z
Okto,"abc@gmail.com
",rahasia,1992-10-05T00:00:00Z
Okto,"abc@gmail.com
",rahasia,1992-10-05T00:00:00Z
Okto,"abc@gmail.com
",rahasia,1992-10-05T00:00:00Z
Okto,"abc@gmail.com
",rahasia,1992-10-05T00:00:00Z
Okto,"abc@gmail.com
",rahasia,1992-10-05T00:00:00Z
Okto,"abc@gmail.com
",rahasia,1992-10-05T00:00:00Z
Okto,"abc@gmail.com
",rahasia,1992-10-05T00:00:00Z
Okto,"abc@gmail.com
",rahasia,1992-10-05T00:00:00Z
Okto,"abc@gmail.com
",rahasia,1992-10-05T00:00:00Z
Okto,"abc@gmail.com
",rahasia,1992-10-05T00:00:00Z
Okto,"abc@gmail.com
",rahasia,1992-10-05T00:00:00Z
Okto,"abc@gmail.com
",rahasia,1992-10-05T00:00:00Z
Okto,"abc@gmail.com
",rahasia,1992-10-05T00:00:00Z
Okto,"abc@gmail.com
",rahasia,1992-10-05T00:00:00Z
Okto,"abc@gmail.com
",rahasia,1992-10-05T00:00:00Z
Okto,"abc@gmail.com
",rahasia,1992-10-05T00:00:00Z
Okto,"abc@gmail.com
",rahasia,1992-10-05T00:00:00Z
Okto,"abc@gmail.com
",rahasia,1992-10-05T00:00:00Z
Okto,"abc@gmail.com
",rahasia,1992-10-05T00:00:00Z
Okto,"abc@gmail.com
",rahasia,1992-10-05T00:00:00Z
Okto,"abc@gmail.com
",rahasia,1992-10-05T00:00:00Z
Okto,"abc@gmail.com
",rahasia,1992-10-05T00:00:00Z
Okto,"abc@gmail.com
",rahasia,1992-10-05T00:00:00Z
Okto,"abc@gmail.com
",rahasia,1992-10-05T00:00:00Z
Okto,"abc@gmail.com
",rahasia,1992-10-05T00:00:00Z
Okto,"abc@gmail.com
",rahasia,1992-10-05T00:00:00Z
Okto,"abc@gmail.com
",rahasia,1992-10-05T00:00:00Z
Okto,"abc@gmail.com
",rahasia,1992-10-05T00:00:00Z
Okto,"abc@gmail.com
",rahasia,1992-10-05T00:00:00Z
Okto,"abc@gmail.com
",rahasia,1992-10-05T00:00:00Z
Okto,"abc@gmail.com
",rahasia,1992-10-05T00:00:00Z
Okto,"abc@gmail.com
",rahasia,1992-10-05T00:00:00Z
Okto,"abc@gmail.com
",rahasia,1992-10-05T00:00:00Z
Okto,"abc@gmail.com
",rahasia,1992-10-05T00:00:00Z
Okto,"abc@gmail.com
",rahasia,1992-10-05T00:00:00Z
Okto,"abc@gmail.com
",rahasia,1992-10-05T00:00:00Z
Okto,"abc@gmail.com
",rahasia,1992-10-05T00:00:00Z
Okto,"abc@gmail.com
",rahasia,1992-10-05T00:00:00Z
Okto,"abc@gmail.com
",rahasia,1992-10-05T00:00:00Z
Okto,"abc@gmail.com
",rahasia,1992-10-05T00:00:00Z
Okto,"abc@gmail.com
",rahasia,1992-10-05T00:00:00Z
Okto,"abc@gmail.com
",rahasia,1992-10-05T00:00:00Z
Okto,"abc@gmail.com
",rahasia,1992-10-05T00:00:00Z
Okto,"abc@gmail.com
",rahasia,1992-10-05T00:00:00Z
Okto,"abc@gmail.com
",rahasia,1992-10-05T00:00:00Z
Okto,"abc@gmail.com
",rahasia,1992-10-05T00:00:00Z
Okto,"abc@gmail.com
",rahasia,1992-10-05T00:00:00Z
Okto,"abc@gmail.com
",rahasia,1992-10-05T00:00:00Z
Okto,"abc@gmail.com
",rahasia,1992-10-05T00:00:00Z
Okto,"abc@gmail.com
",rahasia,1992-10-05T00:00:00Z
Okto,"abc@gmail.com
",rahasia,1992-10-05T00:00:00Z
Okto,"abc@gmail.com
",rahasia,1992-10-05T00:00:00Z
Okto,"abc@gmail.com
",rahasia,1992-10-05T00:00:00Z
Okto,"abc@gmail.com
",rahasia,1992-10-05T00:00:00Z
Okto,"abc@gmail.com
",rahasia,1992-10-05T00:00:00Z
Okto,"abc@gmail.com
",rahasia,1992-10-05T00:00:00Z
Okto,"abc@gmail.com
",rahasia,1992-10-05T00:00:00Z
Okto,"abc@gmail.com
",rahasia,1992-10-05T00:00:00Z
Okto,"abc@gmail.com
",rahasia,1992-10-05T00:00:00Z
Okto,"abc@gmail.com
",rahasia,1992-10-05T00:00:00Z
Okto,"abc@gmail.com
",rahasia,1992-10-05T00:00:00Z
Okto,"abc@gmail.com
",rahasia,1992-10-05T00:00:00Z
Okto,"abc@gmail.com
",rahasia,1992-10-05T00:00:00Z
Okto,"abc@gmail.com
",rahasia,1992-10-05T00:00:00Z
Okto,"abc@gmail.com
",rahasia,1992-10-05T00:00:00Z
Okto,"abc@gmail.com
",rahasia,1992-10-05T00:00:00Z
Okto,"abc@gmail.com
",rahasia,1992-10-05T00:00:00Z
Okto,"abc@gmail.com
",rahasia,1992-10-05T00:00:00Z
Okto,"abc@gmail.com
",rahasia,1992-10-05T00:00:00Z
Okto,"abc@gmail.com
",rahasia,1992-10-05T00:00:00Z
Okto,"abc@gmail.com
",rahasia,1992-10-05T00:00:00Z
Okto,"abc@gmail.com
",rahasia,1992-10-05T00:00:00Z
Okto,"abc@gmail.com
",rahasia,1992-10-05T00:00:00Z
Okto,"abc@gmail.com
",rahasia,1992-10-05T00:00:00Z
Okto,"abc@gmail.com
",rahasia,1992-10-05T00:00:00Z
Okto,"abc@gmail.com
",rahasia,1992-10-05T00:00:00Z
Okto,"abc@gmail.com
",rahasia,1992-10-05T00:00:00Z
Okto,"abc@gmail.com
",rahasia,1992-10-05T00:00:00Z
Okto,"abc@gmail.com
",rahasia,1992-10-05T00:00:00Z
Okto,"abc@gmail.com
",rahasia,1992-10-05T00:00:00Z
Okto,"abc@gmail.com
",rahasia,1992-10-05T00:00:00Z
Okto,"abc@gmail.com
",rahasia,1992-10-05T00:00:00Z
Okto,"abc@gmail.com
",rahasia,1992-10-05T00:00:00Z
Okto,"abc@gmail.com
",rahasia,1992-10-05T00:00:00Z
Okto,"abc@gmail.com
",rahasia,1992-10-05T00:00:00Z
Okto,"abc@gmail.com
",rahasia,1992-10-05T00:00:00Z
Okto,"abc@gmail.com
",rahasia,1992-10-05T00:00:00Z
Okto,"abc@gmail.com
",rahasia,1992-10-05T00:00:00Z
Okto,"abc@gmail.com
",rahasia,1992-10-05T00:00:00Z
Okto,"abc@gmail.com
",rahasia,1992-10-05T00:00:00Z
Okto,"abc@gmail.com
",rahasia,1992-10-05T00:00:00Z
Okto,"abc@gmail.com
",rahasia,1992-10-05T00:00:00Z
Okto,"abc@gmail.com
",rahasia,1992-10-05T00:00:00Z
Okto,"abc@gmail.com
",rahasia,1992-10-05T00:00:00Z
Okto,"abc@gmail.com
",rahasia,1992-10-05T00:00:00Z
Okto,"abc@gmail.com
",rahasia,1992-10-05T00:00:00Z
Okto,"abc@gmail.com
",rahasia,1992-10-05T00:00:00Z
Okto,"abc@gmail.com
",rahasia,1992-10-05T00:00:00Z
Okto,"abc@gmail.com
",rahasia,1992-10-05T00:00:00Z
Okto,"abc@gmail.com
",rahasia,1992-10-05T00:00:00Z
Okto,"abc@gmail.com
",rahasia,1992-10-05T00:00:00Z
Okto,"abc@gmail.com
",rahasia,1992-10-05T00:00:00Z
Okto,"abc@gmail.com
",rahasia,1992-10-05T00:00:00Z
Okto,"abc@gmail.com
",rahasia,1992-10-05T00:00:00Z
Okto,"abc@gmail.com
",rahasia,1992-10-05T00:00:00Z
Okto,"abc@gmail.com
",rahasia,1992-10-05T00:00:00Z
Okto,"abc@gmail.com
",rahasia,1992-10-05T00:00:00Z
Okto,"abc@gmail.com
",rahasia,1992-10-05T00:00:00Z
Okto,"abc@gmail.com
",rahasia,1992-10-05T00:00:00Z
Okto,"abc@gmail.com
",rahasia,1992-10-05T00:00:00Z
Okto,"abc@gmail.com
",rahasia,1992-10-05T00:00:00Z
Okto,"abc@gmail.com
",rahasia,1992-10-05T00:00:00Z
Okto,"abc@gmail.com
",rahasia,1992-10-05T00:00:00Z
Okto,"abc@gmail.com
",rahasia,1992-10-05T00:00:00Z
Okto,"abc@gmail.com
",rahasia,1992-10-05T00:00:00Z
Okto,"abc@gmail.com
",rahasia,1992-10-05T00:00:00Z
Okto,"abc@gmail.com
",rahasia,1992-10-05T00:00:00Z
Okto,"abc@gmail.com
",rahasia,1992-10-05T00:00:00Z
Okto,"abc@gmail.com
",rahasia,1992-10-05T00:00:00Z
Okto,"abc@gmail.com
",rahasia,1992-10-05T00:00:00Z
Okto,"abc@gmail.com
",rahasia,1992-10-05T00:00:00Z
Okto,"abc@gmail.com
",rahasia,1992-10-05T00:00:00Z
Okto,"abc@gmail.com
",rahasia,1992-10-05T00:00:00Z
Okto,"abc@gmail.com
",rahasia,1992-10-05T00:00:00Z
Okto,"abc@gmail.com
",rahasia,1992-10-05T00:00:00Z
Okto,"abc@gmail.com
",rahasia,1992-10-05T00:00:00Z
Okto,"abc@gmail.com
",rahasia,1992-10-05T00:00:00Z
Okto,"abc@gmail.com
",rahasia,1992-10-05T00:00:00Z
Okto,"abc@gmail.com
",rahasia,1992-10-05T00:00:00Z
Okto,"abc@gmail.com
",rahasia,1992-10-05T00:00:00Z
Okto,"abc@gmail.com
",rahasia,1992-10-05T00:00:00Z
Okto,"abc@gmail.com
",rahasia,1992-10-05T00:00:00Z
Okto,"abc@gmail.com
",rahasia,1992-10-05T00:00:00Z
Okto,"abc@gmail.com
",rahasia,1992-10-05T00:00:00Z
Okto,"abc@gmail.com
",rahasia,1992-10-05T00:00:00Z
Okto,"abc@gmail.com
",rahasia,1992-10-05T00:00:00Z
Okto,"abc@gmail.com
",rahasia,1992-10-05T00:00:00Z
Okto,"abc@gmail.com
",rahasia,1992-10-05T00:00:00Z
Okto,"abc@gmail.com
",rahasia,1992-10-05T00:00:00Z
Okto,"abc@gmail.com
",rahasia,1992-10-05T00:00:00Z
Okto,"abc@gmail.com
",rahasia,1992-10-05T00:00:00Z
Okto,"abc@gmail.com
",rahasia,1992-10-05T00:00:00Z
Okto,"abc@gmail.com
",rahasia,1992-10-05T00:00:00Z
Okto,"abc@gmail.com
",rahasia,1992-10-05T00:00:00Z
Okto,"abc@gmail.com
",rahasia,1992-10-05T00:00:00Z
Okto,"abc@gmail.com
",rahasia,1992-10-05T00:00:00Z
Okto,"abc@gmail.com
",rahasia,1992-10-05T00:00:00Z
Okto,"abc@gmail.com
",rahasia,1992-10-05T00:00:00Z
Okto,"abc@gmail.com
",rahasia,1992-10-05T00:00:00Z
Okto,"abc@gmail.com
",rahasia,1992-10-05T00:00:00Z
Okto,"abc@gmail.com
",rahasia,1992-10-05T00:00:00Z
Okto,"abc@gmail.com
",rahasia,1992-10-05T00:00:00Z
Okto,"abc@gmail.com
",rahasia,1992-10-05T00:00:00Z
Okto,"abc@gmail.com
",rahasia,1992-10-05T00:00:00Z
Okto,"abc@gmail.com
",rahasia,1992-10-05T00:00:00Z
Okto,"abc@gmail.com
",rahasia,1992-10-05T00:00:00Z
Okto,"abc@gmail.com
",rahasia,1992-10-05T00:00:00Z
Okto,"abc@gmail.com
",rahasia,1992-10-05T00:00:00Z
Okto,"abc@gmail.com
",rahasia,1992-10-05T00:00:00Z
Okto,"abc@gmail.com
",rahasia,1992-10-05T00:00:00Z
Okto,"abc@gmail.com
",rahasia,1992-10-05T00:00:00Z
Okto,"abc@gmail.com
",rahasia,1992-10-05T00:00:00Z
Okto,"abc@gmail.com
",rahasia,1992-10-05T00:00:00Z
Okto,"abc@gmail.com
",rahasia,1992-10-05T00:00:00Z
Okto,"abc@gmail.com
",rahasia,1992-10-05T00:00:00Z
Okto,"abc@gmail.com
",rahasia,1992-10-05T00:00:00Z
Okto,"abc@gmail.com
",rahasia,1992-10-05T00:00:00Z
Okto,"abc@gmail.com
",rahasia,1992-10-05T00:00:00Z
Okto,"abc@gmail.com
",rahasia,1992-10-05T00:00:00Z
Okto,"abc@gmail.com
",rahasia,1992-10-05T00:00:00Z
Okto,"abc@gmail.com
",rahasia,1992-10-05T00:00:00Z
Okto,"abc@gmail.com
",rahasia,1992-10-05T00:00:00Z
Okto,"abc@gmail.com
",rahasia,1992-10-05T00:00:00Z
Okto,"abc@gmail.com
",rahasia,1992-10-05T00:00:00Z
Okto,"abc@gmail.com
",rahasia,1992-10-05T00:00:00Z
Okto,"abc@gmail.com
",rahasia,1992-10-05T00:00:00Z
Okto,"abc@gmail.com
",rahasia,1992-10-05T00:00:00Z
Okto,"abc@gmail.com
",rahasia,1992-10-05T00:00:00Z
Okto,"abc@gmail.com
",rahasia,1992-10-05T00:00:00Z
Okto,"abc@gmail.com
",rahasia,1992-10-05T00:00:00Z
Okto,"abc@gmail.com
",rahasia,1992-10-05T00:00:00Z
Okto,"abc@gmail.com
",rahasia,1992-10-05T00:00:00Z
Okto,"abc@gmail.com
",rahasia,1992-10-05T00:00:00Z
Okto,"abc@gmail.com
",rahasia,1992-10-05T00:00:00Z
Okto,"abc@gmail.com
",rahasia,1992-10-05T00:00:00Z
Okto,"abc@gmail.com
",rahasia,1992-10-05T00:00:00Z
Okto,"abc@gmail.com
",rahasia,1992-10-05T00:00:00Z
Okto,"abc@gmail.com
",rahasia,1992-10-05T00:00:00Z
Okto,"abc@gmail.com
",rahasia,1992-10-05T00:00:00Z
Okto,"abc@gmail.com
",rahasia,1992-10-05T00:00:00Z
Okto,"abc@gmail.com
",rahasia,1992-10-05T00:00:00Z
Okto,"abc@gmail.com
",rahasia,1992-10-05T00:00:00Z
Okto,"abc@gmail.com
",rahasia,1992-10-05T00:00:00Z
Okto,"abc@gmail.com
",rahasia,1992-10-05T00:00:00Z
Okto,"abc@gmail.com
",rahasia,1992-10-05T00:00:00Z
Okto,"abc@gmail.com
",rahasia,1992-10-05T00:00:00Z
Okto,"abc@gmail.com
",rahasia,1992-10-05T00:00:00Z
Okto,"abc@gmail.com
",rahasia,1992-10-05T00:00:00Z
Okto,"abc@gmail.com
",rahasia,1992-10-05T00:00:00Z
Okto,"abc@gmail.com
",rahasia,1992-10-05T00:00:00Z
Okto,"abc@gmail.com
",rahasia,1992-10-05T00:00:00Z
Okto,"abc@gmail.com
",rahasia,1992-10-05T00:00:00Z
Okto,"abc@gmail.com
",rahasia,1992-10-05T00:00:00Z
Okto,"abc@gmail.com
",rahasia,1992-10-05T00:00:00Z
Okto,"abc@gmail.com
",rahasia,1992-10-05T00:00:00Z
Okto,"abc@gmail.com
",rahasia,1992-10-05T00:00:00Z
Okto,"abc@gmail.com
",rahasia,1992-10-05T00:00:00Z
Okto,"abc@gmail.com
",rahasia,1992-10-05T00:00:00Z
Okto,"abc@gmail.com
",rahasia,1992-10-05T00:00:00Z
Okto,"abc@gmail.com
",rahasia,1992-10-05T00:00:00Z
Okto,"abc@gmail.com
",rahasia,1992-10-05T00:00:00Z
Okto,"abc@gmail.com
",rahasia,1992-10-05T00:00:00Z
Okto,"abc@gmail.com
",rahasia,1992-10-05T00:00:00Z
Okto,"abc@gmail.com
",rahasia,1992-10-05T00:00:00Z
Okto,"abc@gmail.com
",rahasia,1992-10-05T00:00:00Z
Okto,"abc@gmail.com
",rahasia,1992-10-05T00:00:00Z
Okto,"abc@gmail.com
",rahasia,1992-10-05T00:00:00Z
Okto,"abc@gmail.com
",rahasia,1992-10-05T00:00:00Z
Okto,"abc@gmail.com
",rahasia,1992-10-05T00:00:00Z
Okto,"abc@gmail.com
",rahasia,1992-10-05T00:00:00Z
Okto,"abc@gmail.com
",rahasia,1992-10-05T00:00:00Z
Okto,"abc@gmail.com
",rahasia,1992-10-05T00:00:00Z
Okto,"abc@gmail.com
",rahasia,1992-10-05T00:00:00Z
Okto,"abc@gmail.com
",rahasia,1992-10-05T00:00:00Z
Okto,"abc@gmail.com
",rahasia,1992-10-05T00:00:00Z
Okto,"abc@gmail.com
",rahasia,1992-10-05T00:00:00Z
Okto,"abc@gmail.com
",rahasia,1992-10-05T00:00:00Z
Okto,"abc@gmail.com
",rahasia,1992-10-05T00:00:00Z
Okto,"abc@gmail.com
",rahasia,1992-10-05T00:00:00Z
Okto,"abc@gmail.com
",rahasia,1992-10-05T00:00:00Z
Okto,"abc@gmail.com
",rahasia,1992-10-05T00:00:00Z
Okto,"abc@gmail.com
",rahasia,1992-10-05T00:00:00Z
Okto,"abc@gmail.com
",rahasia,1992-10-05T00:00:00Z